Dip in mm,Volume in litres
5.00,4.67
10.00,13.21
15.00,24.25
20.00,37.31
25.00,52.11
30.00,68.45
35.00,86.19
40.00,105.22
45.00,125.46
50.00,146.83
55.00,169.27
60.00,192.72
65.00,217.14
70.00,242.49
75.00,268.72
80.00,295.81
85.00,323.72
90.00,352.43
95.00,381.91
100.00,412.14
105.00,443.09
110.00,474.75
115.00,507.09
120.00,540.10
125.00,573.76
130.00,608.05
135.00,642.96
140.00,678.48
145.00,714.59
255.00,1637.51
260.00,1684.53
265.00,1731.94
270.00,1779.73
275.00,1827.90
280.00,1876.43
285.00,1925.33
290.00,1974.59
295.00,2024.21
300.00,2074.17
305.00,2124.48
310.00,2175.13
315.00,2226.11
320.00,2277.43
325.00,2329.06
330.00,2381.03
335.00,2433.30
340.00,2485.90
345.00,2538.80
350.00,2592.00
355.00,2645.51
360.00,2699.31
365.00,2753.41
370.00,2807.79
375.00,2862.46
380.00,2917.41
385.00,2972.64
390.00,3028.15
395.00,3083.92
505.00,4372.88
510.00,4434.01
515.00,4495.33
520.00,4556.85
525.00,4618.56
530.00,4680.46
535.00,4742.55
540.00,4804.83
545.00,4867.29
550.00,4929.92
555.00,4992.74
560.00,5055.73
565.00,5118.90
570.00,5182.23
575.00,5245.73
580.00,5309.40
585.00,5373.23
590.00,5437.22
595.00,5501.37
600.00,5565.68
605.00,5630.14
610.00,5694.76
615.00,5759.52
620.00,5824.43
625.00,5889.48
630.00,5954.68
635.00,6020.02
640.00,6085.50
645.00,6151.11
755.00,7624.93
760.00,7693.11
765.00,7761.38
770.00,7829.74
775.00,7898.18
780.00,7966.70
785.00,8035.31
790.00,8103.99
795.00,8172.75
800.00,8241.58
805.00,8310.49
810.00,8379.47
815.00,8448.52
820.00,8517.63
825.00,8586.81
830.00,8656.06
835.00,8725.36
840.00,8794.73
845.00,8864.15
850.00,8933.63
855.00,9003.17
860.00,9072.76
865.00,9142.39
870.00,9212.08
875.00,9281.82
880.00,9351.60
885.00,9421.43
890.00,9491.29
895.00,9561.20
